{
    "RMS": 0.33129824379597467,
    "CameraMatrix": [
        [
            210.24118591854983,
            0.0,
            318.51182284207556
        ],
        [
            0.0,
            211.4846805698751,
            252.48457990317036
        ],
        [
            0.0,
            0.0,
            1.0
        ]
    ],
    "DistortionCoefficients": [
        0.19941623511989434,
        -0.20736409267316344,
        0.0007040531507409564,
        0.0008060182732909919,
        0.047875485130274044
    ],
    "NewCameraMatrix": [
        [
            200.40865481935182,
            0.0,
            319.71648713379267
        ],
        [
            0.0,
            200.89201451631303,
            255.18999581949225
        ],
        [
            0.0,
            0.0,
            1.0
        ]
    ],
    "ROI": [
        84,
        71,
        469,
        350
    ]
}